{
  "gpt oss safeguard 120b": {
    "input": 2.6e-07,
    "output": 1.05e-06
  },
  "minimax m2.5": {
    "input": 3e-07,
    "output": 2.1e-06
  },
  "writer palmyra vision 7b": {
    "input": 7.5e-08,
    "output": 3e-07
  },
  "nova 2.0 lite": {
    "output": 1.375e-06,
    "input": 7.5e-08,
    "cache_write": 0.0,
    "cache_read": 7.5e-08
  },
  "llama 3.2 3b": {
    "output": 1.5e-07,
    "input": 1.5e-07
  },
  "nova pro": {
    "cache_write": 0.0,
    "input": 1.4e-06,
    "cache_read": 3.5e-07,
    "output": 3.2000000000000003e-06
  },
  "gemma 3 12b": {
    "output": 1.5e-07,
    "input": 1.6e-07
  },
  "qwen3 vl 235b a22b": {
    "output": 4.66e-06,
    "input": 5.3e-07
  },
  "nova 2.0 omni": {
    "output": 2.2e-05,
    "input": 2.0000000000000002e-07
  },
  "llama 3.1 70b latency optimized": {
    "input": 9e-07,
    "output": 9e-07
  },
  "kimi k2.5": {
    "input": 6e-07,
    "output": 5.2500000000000006e-06
  },
  "mistral large 3": {
    "output": 7.5e-07,
    "input": 5e-07
  },
  "nova 2.0 pro": {
    "output": 5e-06,
    "input": 6.875e-07
  },
  "qwen3 coder next": {
    "input": 8.75e-07,
    "output": 1.2e-06
  },
  "gpt-oss-120b": {
    "input": 1.5e-07,
    "output": 3e-07
  },
  "qwen3 coder 480b a35b": {
    "input": 2.25e-07,
    "output": 9e-07
  },
  "gemma 3 27b": {
    "output": 6.7e-07,
    "input": 2.3e-07
  },
  "qwen3 next 80b a3b": {
    "output": 2.1e-06,
    "input": 2.6e-07
  },
  "nova lite": {
    "input": 6.000000000000001e-08,
    "cache_write": 0.0,
    "output": 2.4000000000000003e-07,
    "cache_read": 1.5000000000000002e-08
  },
  "ministral 3b 3.0": {
    "output": 5.0000000000000004e-08,
    "input": 5.0000000000000004e-08
  },
  "nova sonic": {
    "output": 2.4000000000000003e-07,
    "input": 3.3999999999999996e-06
  },
  "ministral 14b 3.0": {
    "input": 3.5e-07,
    "output": 1.0000000000000001e-07
  },
  "deepseek v3.2": {
    "input": 3.1e-07,
    "output": 3.2375e-06
  },
  "gpt oss safeguard 20b": {
    "input": 6.999999999999999e-08,
    "output": 3.5e-07
  },
  "glm 4.7": {
    "output": 1.1e-06,
    "input": 3e-07
  },
  "magistral small 1.2": {
    "input": 8.8e-07,
    "output": 7.5e-07
  },
  "qwen3 coder 30b a3b": {
    "input": 7.5e-08,
    "output": 3e-07
  },
  "llama 3.1 70b": {
    "output": 7.200000000000001e-07,
    "input": 3.6000000000000005e-07
  },
  "llama 4 scout 17b": {
    "input": 8.500000000000001e-08,
    "output": 3.3e-07
  },
  "glm 4.7 flash": {
    "input": 6.999999999999999e-08,
    "output": 4.0000000000000003e-07
  },
  "gemma 3 4b": {
    "input": 2e-08,
    "output": 4e-08
  },
  "llama 3.1 8b": {
    "output": 2.2e-07,
    "input": 2.2e-07
  },
  "devstral": {
    "input": 4.0000000000000003e-07,
    "output": 1e-06
  },
  "nvidia nemotron nano 2": {
    "output": 2.3e-07,
    "input": 3.0000000000000004e-08
  },
  "nemotron nano 3 30b": {
    "input": 6.000000000000001e-08,
    "output": 1.2000000000000002e-07
  },
  "minimax m2": {
    "output": 6e-07,
    "input": 1.5e-07
  },
  "minimax m2.1": {
    "output": 1.2e-06,
    "input": 1.5e-07
  },
  "voxtral mini 1.0": {
    "input": 2e-08,
    "output": 2e-08
  },
  "ministral 8b 3.0": {
    "input": 6.999999999999999e-08,
    "output": 2.6e-07
  },
  "nova premier": {
    "cache_read": 6.25e-07,
    "input": 4.3750000000000005e-06,
    "output": 1.25e-05,
    "cache_write": 0.0
  },
  "glm 5": {
    "output": 1.6000000000000001e-06,
    "input": 1e-06
  },
  "kimi k2 thinking": {
    "output": 1.25e-06,
    "input": 3e-07
  },
  "deepseek v3.1": {
    "input": 2.9e-07,
    "output": 8.4e-07
  },
  "nvidia nemotron 3 super 120b a12b": {
    "input": 7.5e-08,
    "output": 3.2499999999999996e-07
  },
  "mistral large": {
    "input": 4e-06,
    "output": 1.2e-05
  },
  "mixtral 8x7b": {
    "output": 7e-07,
    "input": 4.5e-07
  },
  "llama 3.3 70b": {
    "input": 3.6000000000000005e-07,
    "output": 3.6000000000000005e-07
  },
  "voxtral small 1.0": {
    "output": 1.5e-07,
    "input": 5.0000000000000004e-08
  },
  "llama 3.2 90b": {
    "input": 7.200000000000001e-07,
    "output": 7.200000000000001e-07
  },
  "nvidia nemotron nano 2 vl": {
    "output": 3e-07,
    "input": 2.0000000000000002e-07
  },
  "pixtral large 25.02": {
    "output": 6e-06,
    "input": 2e-06
  },
  "nova sonic 2.0": {
    "output": 1.2e-05,
    "input": 3e-06
  },
  "llama 3 70b": {
    "input": 2.65e-06,
    "output": 3.5e-06
  },
  "llama 3.2 11b": {
    "output": 1.6e-07,
    "input": 1.6e-07
  },
  "nova micro": {
    "input": 3.4999999999999996e-08,
    "output": 6.999999999999999e-08,
    "cache_read": 8.749999999999999e-09,
    "cache_write": 0.0
  },
  "claude instant": {
    "input": 8.000000000000001e-07
  },
  "qwen3 32b": {
    "input": 2.625e-07,
    "output": 6e-07
  },
  "gpt-oss-20b": {
    "input": 6.999999999999999e-08,
    "output": 3e-07
  },
  "llama 3 8b": {
    "input": 3e-07,
    "output": 6e-07
  },
  "llama 3.1 405b": {
    "output": 1.2e-06,
    "input": 1.2e-06
  },
  "qwen3 235b a22b 2507": {
    "input": 2.2e-07,
    "output": 4.4e-07
  },
  "mistral small": {
    "output": 1.5e-06,
    "input": 1e-06
  },
  "llama 4 maverick 17b": {
    "output": 4.85e-07,
    "input": 2.4000000000000003e-07
  },
  "nova pro latency optimized": {
    "input": 1e-06,
    "output": 4e-06
  },
  "claude 2.1": {
    "input": 8e-06
  },
  "mistral 7b": {
    "input": 1.5e-07,
    "output": 2.0000000000000002e-07
  },
  "claude 3 sonnet": {
    "input": 3e-06
  },
  "r1": {
    "input": 1.35e-06,
    "output": 5.4e-06
  },
  "llama 3.2 1b": {
    "input": 1.0000000000000001e-07,
    "output": 1.0000000000000001e-07
  },
  "claude 3 haiku": {
    "input": 2.5e-07
  },
  "claude 2.0": {
    "input": 8e-06
  }
}